,1814
lomza.pl,1
gr,25
pomorze.pl,1
台湾,6
jpn.com,26
tilgængelige.et,2
tarnobrzeg.pl,4
or玩百家乐技巧g.uk,2
cn.com,1
elk.pl,22
nf,1
ga,2
edu,41
org.mx,2
blogspot.mx,2
org.pl,5
kutno.pl,1
com.an,2
iq,1
naklo.pl,4
ਭਾਰਤ,6
tv,348
tw,268
net.cn,3
li,59
lv,2
com.pl,176
lt,10
tk,344
th,3
com.pe,4
jp.net,9
com.ar,80
babia-gora.pl,1
do,6
dm,2
dj,3
dk,402
السعودية,24
lubin.pl,4
de,2716
gov.pl,2
org.tw,4
c.la,2
mobi,10
nowaruda.pl,7
edu.pl,4
zgora.pl,4
biz,200
ps,3
blogspot.com,124
sprawdźmy.za,2
wroclaw.pl,7
gov,2
name,84
olecko.pl,4
konskowola.pl,4
org.ve,1
co.uk,10
opoczno.pl,3
امارات,39
ไทย,12
legnica.pl,2
新加坡,6
aïeux.et,2
glogow.pl,2
malopolska.pl,1
biz.pl,2
한국,41
gorlice.pl,2
tel,29
عمان,2
рф,2541
ee,2
radom.pl,2
భారత్,14
or.jp,2
équipage.et,2
cieszyn.pl,4
bedzin.pl,5
eu,228
czeladz.pl,3
भारत,10
مصر,8
es,327
ru,142
இலங்கை,12
المغرب,4
com.cn,76
com.co,2
opole.pl,2
swidnica.pl,2
asia,1
warszawa.pl,3
ભારત,4
dp.ua,2
in.ua,5
mazury.pl,7
中国,55
net,4846
press.ma,1
mp,2
be,11
bg,12
rzeszow.pl,15
kaszuby.pl,6
olkusz.pl,2
jus.br,4
jp,364
فلسطين,3
nysa.pl,6
in.th,17
rybnik.pl,2
mielno.pl,4
ws,197
br,4
edu.cn,3
org,525
by,2
lowicz.pl,8
konin.pl,2
gov.cn,15
ua,4
la,5
mielec.pl,2
int,4
ভারত,10
com,19608
czest.pl,8
ch,251
co,23
cn,267
cm,4
cl,27
cc,165
info.pl,5
ca,8
co.za,2
cz,82
gov.ua,2
com.tr,12
com.tw,18
je,76
gov.br,4
désactivée.et,2
راجعون.et,2
com.vn,1
com.es,11
jgora.pl,3
szczecin.pl,4
pt,2
to,5
lebork.pl,4
ostrowwlkp.pl,1
polkowice.pl,3
olawa.pl,4
waw.pl,10
mragowo.pl,3
org.il,13
pa,4
karpacz.pl,4
tychy.pl,3
بھارت,12
slask.pl,7
pl,1154
kazimierz-dolny.pl,2
tgory.pl,2
சிங்கப்பூர்,2
com.ua,33
gov.tr,2
ostrowiec.pl,3
hr,2
lapy.pl,3
aero,10
中國,6
hu,74
hk,12
bielawa.pl,1
net.pl,22
pila.pl,3
ustka.pl,2
com.uy,2
இந்தியா,2
info,381
prochowice.pl,2
pisz.pl,8
ma,2
com.br,196
uz,2
kalisz.pl,3
grajewo.pl,6
us,144
cat,2
bialowieza.pl,2
co.il,82
könnte.uk,2
الاردن,9
suwalki.pl,2
mx,4
sanok.pl,4
vc,1
ලංකා,2
ve,4
سورية,6
ir,35
it,34
vn,51
torquémada.et,2
ac.cn,2
kartuzy.pl,3
at,82
pomorskie.pl,5
dlugoleka.pl,3
تونس,1
ie,4
org.cn,12
ketrzyn.pl,5
nl,5
no,132
na,6
co.kr,6
qc.com,1
ostroda.pl,3
com.gr,3
台灣,5
edu.tr,4
ca.us,1
الجزائر,19
bialystok.pl,4
ilawa.pl,4
ne.jp,5
nu,40
blogspot.com.es,4
przeworsk.pl,8
fr,162
政府.hk,1
org.ru,2
قطر,21
gen.tr,3
pulawy.pl,1
me,2
kiev.ua,6
beskidy.pl,4
ac.uk,13
cv,2
swiebodzin.pl,1
géraniums.et,2
kz,7
fi,49
gov.ma,2
podhale.pl,4
fm,2
augustow.pl,3
sa.com,6
blogspot.de,2
limanowa.pl,2
in,8
香港,17
срб,5
wielun.pl,2
su,363
co.jp,6
kr,200
si,3
stargard.pl,3
com.de,2
com.do,2
mazowsze.pl,3
starachowice.pl,2
dz,13
sa,4
gniezno.pl,3
se,598
